<?xml version="1.0" encoding="UTF-8"?>
<magicpwd>
    <!--魔方密码菜单栏-->
    <menubar id="mpwd">
        <menu id="file" text="$P30F7601">
            <!--新增-->
            <item type="normal" text="$P30F7602">
                <action id="new-keys" class="com.magicpwd.e.pwd.file.NewAction">
                    <stroke key="^ N" />
                </action>
            </item>
            <!--保存-->
            <item type="normal" text="$P30F7603">
                <action id="save-keys" class="com.magicpwd.e.pwd.file.SaveAction">
                    <stroke key="^ S" />
                </action>
            </item>
            <!--隐藏窗口-->
            <item type="normal" text="$P30F7604">
                <action id="hide-window" class="com.magicpwd.e.pwd.file.HideAction">
                    <stroke key="^ H" />
                    <stroke key="^ Enter" />
                </action>
            </item>
            <!--退出-->
            <item type="normal" text="$P30F7605">
                <action id="exit-system" class="com.magicpwd.e.pwd.file.ExitAction">
                    <stroke key="^ Q" />
                </action>
            </item>
        </menu>
        <!--编辑-->
        <menu id="edit" text="$P30F7606">
            <!--查找-->
            <item type="normal" text="$P30F7607">
                <action class="com.magicpwd.e.pwd.edit.FindAction">
                    <stroke key="^ F" />
                </action>
            </item>
            <seperator />
            <!--添加文本属性-->
            <item type="normal" text="$P30F7608">
                <action id="append-text" class="com.magicpwd.e.pwd.edit.AppendTextAction">
                    <stroke key="^ 1" />
                </action>
            </item>
            <!--添加口令属性-->
            <item type="normal" text="$P30F7609">
                <action id="append-keys" class="com.magicpwd.e.pwd.edit.AppendKeysAction">
                    <stroke key="^ 2" />
                </action>
            </item>
            <!--添加链接属性-->
            <item type="normal" text="$P30F760A">
                <action id="append-link" class="com.magicpwd.e.pwd.edit.AppendLinkAction">
                    <stroke key="^ 3" />
                </action>
            </item>
            <!--添加邮件属性-->
            <item type="normal" text="$P30F760B">
                <action id="append-mail" class="com.magicpwd.e.pwd.edit.AppendMailAction">
                    <stroke key="^ 4" />
                </action>
            </item>
            <!--添加日期属性-->
            <item type="normal" text="$P30F760C">
                <action id="append-date" class="com.magicpwd.e.pwd.edit.AppendDateAction">
                    <stroke key="^ 5" />
                </action>
            </item>
            <!--添加附注属性-->
            <item type="normal" text="$P30F760D">
                <action id="append-area" class="com.magicpwd.e.pwd.edit.AppendAreaAction">
                    <stroke key="^ 6" />
                </action>
            </item>
            <!--添加文件属性-->
            <item type="normal" text="$P30F760E">
                <action id="append-file" class="com.magicpwd.e.pwd.edit.AppendFileAction">
                    <stroke key="^ 7" />
                </action>
            </item>
            <seperator />
            <!--上移-->
            <item type="normal" text="$P30F760F">
                <action id="edit-prev" class="com.magicpwd.e.pwd.edit.PrevAction">
                    <stroke key="^ U" />
                </action>
            </item>
            <!--下移-->
            <item type="normal" text="$P30F7610">
                <action id="edit-next" class="com.magicpwd.e.pwd.edit.NextAction">
                    <stroke key="^ D" />
                </action>
            </item>
        </menu>
        <!--视图-->
        <menu id="view" text="$P30F7614">
            <!--总在最上-->
            <item type="checkbox" text="$P30F7615">
                <action class="com.magicpwd.e.pwd.view.TopsAction">
                    <stroke key="F5" />
                </action>
            </item>
            <seperator />
            <!--显示属性栏-->
            <item id="menu-edit-visible" type="checkbox" text="$P30F7616" command="menu-edit-isolate,tool-edit-isolate">
                <action class="com.magicpwd.e.pwd.view.EditVisibleAction">
                    <stroke key="^ P" />
                </action>
            </item>
            <!--分离属性栏-->
            <item id="menu-edit-isolate" type="checkbox" text="$P30F7617" command="tool-edit-isolate">
                <action id="edit-isolate" class="com.magicpwd.e.pwd.view.EditIsolateAction">
                    <stroke key="^ W" />
                </action>
            </item>
            <!--显示搜索栏-->
            <item id="menu-find-visible" type="checkbox" text="$P30F7618">
                <action class="com.magicpwd.e.pwd.view.FindVisibleAction">
                    <stroke key="^ F" />
                </action>
            </item>
            <!--显示菜单栏-->
            <item id="menu-menu-visible" type="checkbox" text="$P30F7619" command="tool-menu-visible">
                <action id="menu-visible" class="com.magicpwd.e.pwd.view.MenuVisibleAction">
                    <stroke key="^ M" />
                </action>
            </item>
            <!--显示工具栏-->
            <item id="menu-tool-visible" type="checkbox" text="$P30F761A">
                <action class="com.magicpwd.e.pwd.view.ToolVisibleAction">
                    <stroke key="^ T" />
                </action>
            </item>
            <!--显示状态栏-->
            <item id="menu-info-visible" type="checkbox" text="$P30F761B">
                <action class="com.magicpwd.e.pwd.view.InfoVisibleAction">
                    <stroke key="^ I" />
                </action>
            </item>
            <seperator />
            <!--切换到《迷你账簿》-->
            <item type="normal" text="$P30F7638" visible="false">
                <action class="com.magicpwd.e.MpayAction">
                    <stroke key="^ # F" />
                </action>
            </item>
            <!--切换到《记事便签》-->
            <item type="normal" text="$P30F7639">
                <action class="com.magicpwd.e.MpadAction">
                    <stroke key="^ # N" />
                </action>
            </item>
        </menu>
        <!--数据-->
        <menu id="data" text="$P30F761C">
            <!--导入数据-->
            <item type="normal" text="$P30F761D">
                <action id="import" class="com.magicpwd.e.pwd.data.ImportAction" />
            </item>
            <!--导出数据-->
            <item type="normal" text="$P30F761E">
                <action id="export" class="com.magicpwd.e.pwd.data.ExportAction" />
            </item>
            <seperator />
            <!--备份到云端-->
            <item type="normal" text="$P30F7635">
                <action class="com.magicpwd.e.pwd.safe.CloudBackupAction">
                    <stroke key="^ B" />
                </action>
            </item>
            <!--从云端恢复-->
            <item type="normal" text="$P30F7636">
                <action class="com.magicpwd.e.pwd.safe.CloudResumeAction">
                    <stroke key="^ R" />
                </action>
            </item>
            <!--配置云端帐户-->
            <item type="normal" text="$P30F7637">
                <action class="com.magicpwd.e.pwd.safe.CloudConfigAction" />
            </item>
            <seperator />
            <!--常规设置-->
            <item type="normal" text="$P30F761F">
                <action class="com.magicpwd.e.pwd.user.OptionsAction" />
            </item>
            <!--口令设置-->
            <item type="normal" text="$P30F7620">
                <action class="com.magicpwd.e.pwd.user.PasswordAction" />
            </item>
            <!--模板管理-->
            <item type="normal" text="$P30F7621">
                <action class="com.magicpwd.e.pwd.user.TemplateAction" />
            </item>
            <!--类别管理-->
            <item type="normal" text="$P30F7622">
                <action class="com.magicpwd.e.pwd.user.KindDataAction" />
            </item>
        </menu>
        <!--用户-->
        <menu id="user" text="$P30F7624">
            <!--切换用户-->
            <item type="normal" text="$P30F7625" enabled="false">
                <action class="com.magicpwd.e.pwd.user.SwitchUserAction" />
            </item>
            <!--添加用户-->
            <item type="normal" text="$P30F7626" enabled="false">
                <action class="com.magicpwd.e.pwd.user.CreateUserAction" />
            </item>
            <seperator />
            <!--更改登录口令-->
            <item type="normal" text="$P30F7627">
                <action class="com.magicpwd.e.pwd.user.ChangePkeyAction" />
            </item>
            <!--设置安全口令-->
            <item type="normal" text="$P30F7628">
                <action class="com.magicpwd.e.pwd.user.CreateSkeyAction" />
            </item>
        </menu>
        <!--皮肤-->
        <menu id="skin" text="$P30F7631">
        </menu>
        <!--帮助-->
        <menu id="help" text="$P30F7629">
            <!--帮助-->
            <item type="normal" text="$P30F762A">
                <action class="com.magicpwd.e.HelpAction">
                    <stroke key="F1" />
                </action>
            </item>
            <seperator />
            <!--软件首页-->
            <item type="normal" text="$P30F762B">
                <action class="com.magicpwd.e.SiteAction">
                    <stroke key="F2" />
                </action>
            </item>
            <!--博客-->
            <item type="normal" text="$P30F762C">
                <action class="com.magicpwd.e.BlogAction" />
            </item>
            <!--微博-->
            <item type="normal" text="$P30F762D">
                <action class="com.magicpwd.e.MlogAction" />
            </item>
            <!--联系作者-->
            <item type="normal" text="$P30F762E">
                <action class="com.magicpwd.e.MailAction">
                    <stroke key="F3" />
                </action>
            </item>
            <seperator />
            <!--检测更新-->
            <item type="normal" text="$P30F762F">
                <action class="com.magicpwd.e.UpdtAction">
                    <stroke key="F4" />
                </action>
            </item>
            <seperator />
            <!--键盘快捷-->
            <item type="normal" text="$P30F7623">
                <action class="com.magicpwd.e.pwd.file.ExitAction">
                    <stroke key="F6" />
                </action>
            </item>
            <!--Java环境-->
            <item type="normal" text="$P30F7634">
                <action class="com.magicpwd.e.pwd.help.JavaAction">
                    <stroke key="F7" />
                </action>
            </item>
            <seperator />
            <!--关于-->
            <item type="normal" text="$P30F7630">
                <action class="com.magicpwd.e.pwd.help.InfoAction" />
            </item>
        </menu>
        <menu id="plug" text="$P30F763A">
            <!--测试-->
            <item type="normal" text="测试(@T)" command="这是一个扩展测试！">
                <action class="example.TestAction" />
            </item>
        </menu>
    </menubar>

    <!--魔方密码工具栏-->
    <toolbar id="mpwd">
        <!--新增-->
        <item type="normal" tips="$P30F7B01">
            <icon>
                <default id="file-new" path="skin/feel/%feel%/file-new.png"/>
            </icon>
            <action id="new-keys" class="com.magicpwd.e.pwd.file.NewAction" />
        </item>
        <!--保存-->
        <item type="normal" tips="$P30F7B02">
            <icon>
                <default id="file-save" path="skin/feel/%feel%/file-save.png"/>
            </icon>
            <action id="save-keys" class="com.magicpwd.e.pwd.file.SaveAction" />
        </item>
        <seperator />
        <!--上移-->
        <item type="normal" tips="$P30F7B03">
            <icon>
                <default id="file-save" path="skin/feel/%feel%/edit-move-up.png"/>
            </icon>
            <action id="edit-prev" class="com.magicpwd.e.pwd.edit.PrevAction" />
        </item>
        <!--下移-->
        <item type="normal" tips="$P30F7B04">
            <icon>
                <default id="file-save" path="skin/feel/%feel%/edit-move-down.png"/>
            </icon>
            <action id="edit-next" class="com.magicpwd.e.pwd.edit.NextAction" />
        </item>
        <seperator />
        <!--历史记录-->
        <item id="tool-edit-history" type="toggle" tips="$P30F7B05">
            <icon>
                <default id="edit-history" path="skin/feel/%feel%/edit-history.png"/>
            </icon>
            <action id="edit-history" class="com.magicpwd.e.pwd.edit.PrevAction" />
        </item>
        <!--属性编辑-->
        <item id="tool-edit-isolate" type="toggle" tips="$P30F7B06" command="menu-edit-isolate">
            <icon>
                <default id="edit-isolate" path="skin/feel/%feel%/edit-isolate.png"/>
            </icon>
            <action id="edit-isolate" class="com.magicpwd.e.pwd.view.EditIsolateAction" />
        </item>
        <!--显示菜单-->
        <item id="tool-menu-visible" type="toggle" tips="$P30F7B0B" command="menu-menu-visible">
            <icon>
                <default id="menu-visible" path="skin/feel/%feel%/view-menu.png"/>
            </icon>
            <action id="menu-visible" class="com.magicpwd.e.pwd.view.MenuVisibleAction" />
        </item>
        <seperator />
        <!--帮助-->
        <item type="normal" tips="$P30F7B07">
            <icon>
                <default id="file-help" path="skin/feel/%feel%/help.png"/>
            </icon>
            <action class="com.magicpwd.e.HelpAction" />
        </item>
    </toolbar>

    <!--魔方密码弹出菜单-->
    <menupop id="kind">
        <!--添加类别-->
        <item type="normal" text="$P30F7D01">
            <action class="com.magicpwd.e.pwd.kind.AppendAction" />
        </item>
        <!--更新类别-->
        <item type="normal" text="$P30F7D02">
            <action class="com.magicpwd.e.pwd.kind.UpdateAction" />
        </item>
        <!--删除类别-->
        <item type="normal" text="$P30F7D03">
            <action class="com.magicpwd.e.pwd.kind.DeleteAction" />
        </item>
        <seperator />
        <!--导入数据-->
        <item type="normal" text="$P30F7D04">
            <action id="import" class="com.magicpwd.e.pwd.data.ImportAction" />
        </item>
    </menupop>
    <menupop id="list">
        <!--添加记录-->
        <item type="normal" text="$P30F7D05">
            <action id="new-keys" class="com.magicpwd.e.pwd.file.NewAction" />
        </item>
        <!--删除记录-->
        <item type="normal" text="$P30F7D06">
            <action id="drop-keys" class="com.magicpwd.e.pwd.file.DropAction" />
        </item>
        <seperator />
        <!--标记为：-->
        <menu text="$P30F7D1B">
            <!--默认(@0)-->
            <item type="checkbox" text="$P30F7D1C" group="label" command="0">
                <icon>
                    <default cache-id="label0" path="skin/feel/%feel%/label.png"/>
                </icon>
                <action id="change-mode" class="com.magicpwd.e.pwd.list.ChangeModeAction" />
            </item>
            <seperator />
            <!--常使用(@1)-->
            <item type="checkbox" text="$P30F7D1D" group="label" command="1">
                <icon>
                    <default cache-id="label1" path="skin/feel/%feel%/label1.png"/>
                </icon>
                <action id="change-mode" class="com.magicpwd.e.pwd.list.ChangeModeAction" />
            </item>
            <!--待注册(@2)-->
            <item type="checkbox" text="$P30F7D1E" group="label" command="2">
                <icon>
                    <default cache-id="label2" path="skin/feel/%feel%/label2.png"/>
                </icon>
                <action id="change-mode" class="com.magicpwd.e.pwd.list.ChangeModeAction" />
            </item>
            <!--待认证(@3)-->
            <item type="checkbox" text="$P30F7D1F" group="label" command="3">
                <icon>
                    <default cache-id="label3" path="skin/feel/%feel%/label3.png"/>
                </icon>
                <action id="change-mode" class="com.magicpwd.e.pwd.list.ChangeModeAction" />
            </item>
            <!--待激活(@4)-->
            <item type="checkbox" text="$P30F7D20" group="label" command="4">
                <icon>
                    <default cache-id="label4" path="skin/feel/%feel%/label4.png"/>
                </icon>
                <action id="change-mode" class="com.magicpwd.e.pwd.list.ChangeModeAction" />
            </item>
            <!--仅测试(@5)-->
            <item type="checkbox" text="$P30F7D21" group="label" command="5">
                <icon>
                    <default cache-id="label5" path="skin/feel/%feel%/label5.png"/>
                </icon>
                <action id="change-mode" class="com.magicpwd.e.pwd.list.ChangeModeAction" />
            </item>
            <!--已过期(@6)-->
            <item type="checkbox" text="$P30F7D22" group="label" command="6">
                <icon>
                    <default cache-id="label6" path="skin/feel/%feel%/label6.png"/>
                </icon>
                <action id="change-mode" class="com.magicpwd.e.pwd.list.ChangeModeAction" />
            </item>
            <!--已丢失(@7)-->
            <item type="checkbox" text="$P30F7D23" group="label" command="7">
                <icon>
                    <default cache-id="label7" path="skin/feel/%feel%/label7.png"/>
                </icon>
                <action id="change-mode" class="com.magicpwd.e.pwd.list.ChangeModeAction" />
            </item>
            <!--被禁用(@8)-->
            <item type="checkbox" text="$P30F7D24" group="label" command="8">
                <icon>
                    <default cache-id="label8" path="skin/feel/%feel%/label8.png"/>
                </icon>
                <action id="change-mode" class="com.magicpwd.e.pwd.list.ChangeModeAction" />
            </item>
            <!--已删除(@9)-->
            <item type="checkbox" text="$P30F7D25" group="label" command="9">
                <icon>
                    <default cache-id="label9" path="skin/feel/%feel%/label9.png"/>
                </icon>
                <action id="change-mode" class="com.magicpwd.e.pwd.list.ChangeModeAction" />
            </item>
        </menu>
        <!--重要性：-->
        <menu text="$P30F7D26">
            <!--最高-->
            <item type="checkbox" text="$P30F7D27" group="major" command="2">
                <icon>
                    <default cache-id="major2" path="skin/feel/%feel%/major+2.png"/>
                </icon>
                <action id="change-note" class="com.magicpwd.e.pwd.list.ChangeNoteAction" />
            </item>
            <!--高-->
            <item type="checkbox" text="$P30F7D28" group="major" command="1">
                <icon>
                    <default cache-id="major1" path="skin/feel/%feel%/major+1.png"/>
                </icon>
                <action id="change-note" class="com.magicpwd.e.pwd.list.ChangeNoteAction" />
            </item>
            <!--正常-->
            <item type="checkbox" text="$P30F7D29" group="major" command="0">
                <icon>
                    <default cache-id="major0" path="skin/feel/%feel%/major.png"/>
                </icon>
                <action id="change-note" class="com.magicpwd.e.pwd.list.ChangeNoteAction" />
            </item>
            <!--低-->
            <item type="checkbox" text="$P30F7D2A" group="major" command="-1">
                <icon>
                    <default cache-id="major-1" path="skin/feel/%feel%/major-1.png"/>
                </icon>
                <action id="change-note" class="com.magicpwd.e.pwd.list.ChangeNoteAction" />
            </item>
            <!--最低-->
            <item type="checkbox" text="$P30F7D2B" group="major" command="-2">
                <icon>
                    <default cache-id="major-2" path="skin/feel/%feel%/major-2.png"/>
                </icon>
                <action id="change-note" class="com.magicpwd.e.pwd.list.ChangeNoteAction" />
            </item>
        </menu>
        <!--排序方式-->
        <menu text="$P30F7D2C">
            <!--升序-->
            <item type="checkbox" text="$P30F7D2D" group="order-dir" command="true">
                <action id="sort-dir" class="com.magicpwd.e.pwd.list.SortDirAction" />
            </item>
            <!--降序-->
            <item type="checkbox" text="$P30F7D2E" group="order-dir" command="false">
                <action id="sort-dir" class="com.magicpwd.e.pwd.list.SortDirAction" />
            </item>
        </menu>
        <!--排序依据-->
        <menu text="$P30F7D2F">
            <!--使用频率-->
            <item type="checkbox" text="$P30F7D30" group="order-key" command="01">
                <action id="sort-key" class="com.magicpwd.e.pwd.list.SortKeyAction" />
            </item>
            <!--口令名称-->
            <item type="checkbox" text="$P30F7D31" group="order-key" command="09">
                <action id="sort-key" class="com.magicpwd.e.pwd.list.SortKeyAction" />
            </item>
            <!--注册时间-->
            <item type="checkbox" text="$P30F7D32" group="order-key" command="07">
                <action id="sort-key" class="com.magicpwd.e.pwd.list.SortKeyAction" />
            </item>
            <!--到期时间-->
            <item type="checkbox" text="$P30F7D33" group="order-key" command="0D">
                <action id="sort-key" class="com.magicpwd.e.pwd.list.SortKeyAction" />
            </item>
        </menu>
        <seperator />
        <!--把数据迁移到...(@M)-->
        <item type="normal" text="$P30F7D1A">
            <action class="com.magicpwd.e.pwd.list.MovetoAction" />
        </item>
        <seperator />
        <!--查看历史-->
        <item type="normal" text="$P30F7D07">
            <action class="com.magicpwd.e.pwd.list.HistoryAction" />
        </item>
    </menupop>
    <menupop id="grid">
        <!--复制数据-->
        <item type="normal" text="$P30F7D08">
            <action class="com.magicpwd.e.pwd.grid.CopyAction" />
        </item>
        <seperator />
        <!--添加字段-->
        <menu text="$P30F7D09">
            <!--添加文本-->
            <item type="normal" text="$P30F7D0A">
                <action id="append-text" class="com.magicpwd.e.pwd.edit.AppendTextAction" />
            </item>
            <!--添加口令-->
            <item type="normal" text="$P30F7D0B">
                <action id="append-keys" class="com.magicpwd.e.pwd.edit.AppendKeysAction" />
            </item>
            <!--添加链接-->
            <item type="normal" text="$P30F7D0C">
                <action id="append-link" class="com.magicpwd.e.pwd.edit.AppendLinkAction" />
            </item>
            <!--添加邮件-->
            <item type="normal" text="$P30F7D0D">
                <action id="append-mail" class="com.magicpwd.e.pwd.edit.AppendMailAction" />
            </item>
            <!--添加日期-->
            <item type="normal" text="$P30F7D0E">
                <action id="append-date" class="com.magicpwd.e.pwd.edit.AppendDateAction" />
            </item>
            <!--添加附注-->
            <item type="normal" text="$P30F7D0F">
                <action id="append-area" class="com.magicpwd.e.pwd.edit.AppendAreaAction" />
            </item>
            <!--添加附件-->
            <item type="normal" text="$P30F7D10">
                <action id="append-file" class="com.magicpwd.e.pwd.edit.AppendFileAction" />
            </item>
        </menu>
        <!--转换类型-->
        <menu text="$P30F7D11">
            <!--转换为文本-->
            <item type="normal" text="$P30F7D12">
                <action id="change-text" class="com.magicpwd.e.pwd.edit.ChangeTextAction" />
            </item>
            <!--转换为口令-->
            <item type="normal" text="$P30F7D13">
                <action id="change-keys" class="com.magicpwd.e.pwd.edit.ChangeKeysAction" />
            </item>
            <!--转换为链接-->
            <item type="normal" text="$P30F7D14">
                <action id="change-link" class="com.magicpwd.e.pwd.edit.ChangeLinkAction" />
            </item>
            <!--转换为邮件-->
            <item type="normal" text="$P30F7D15">
                <action id="change-mail" class="com.magicpwd.e.pwd.edit.ChangeMailAction" />
            </item>
            <!--转换为日期-->
            <item type="normal" text="$P30F7D16">
                <action id="change-date" class="com.magicpwd.e.pwd.edit.ChangeDateAction" />
            </item>
            <!--转换为附注-->
            <item type="normal" text="$P30F7D17">
                <action id="change-area" class="com.magicpwd.e.pwd.edit.ChangeAreaAction" />
            </item>
            <!--转换为附件-->
            <item type="normal" text="$P30F7D18">
                <action id="change-file" class="com.magicpwd.e.pwd.edit.ChangeFileAction" />
            </item>
        </menu>
        <seperator />
        <!--上移-->
        <item type="normal" text="$P30F760F">
            <action id="edit-prev" class="com.magicpwd.e.pwd.edit.PrevAction">
                <stroke key="^ U" />
            </action>
        </item>
        <!--下移-->
        <item type="normal" text="$P30F7610">
            <action id="edit-next" class="com.magicpwd.e.pwd.edit.NextAction">
                <stroke key="^ D" />
            </action>
        </item>
        <seperator />
        <!--删除属性-->
        <item type="normal" text="$P30F7D19">
            <action class="com.magicpwd.e.pwd.grid.DropAction" />
        </item>
    </menupop>
    <!--日期弹出菜单选项-->
    <menupop id="date">

    </menupop>
</magicpwd>