<?xml version="1.0" encoding="UTF-8"?>
<magicpwd>
    <!--魔方密码菜单栏-->
    <popmenu id="tray">
        <!--关于-->
        <item type="normal" text="$P30F9601">
            <action class="com.magicpwd.e.InfoAction" />
        </item>
        <!--帮助-->
        <item type="normal" text="$P30F9602">
            <action class="com.magicpwd.e.HelpAction" />
        </item>
        <seperator />
        <!--显示为托盘图标-->
        <item id="viewPtn" type="normal" text="$P30F960D">
            <action class="com.magicpwd.e.ViewAction" />
        </item>
        <seperator />
        <!--魔方密码-->
        <item type="normal" text="$P30F9603">
            <action class="com.magicpwd.e.MpwdAction" />
        </item>
        <!--迷你账簿-->
        <item type="normal" text="$P30F9604" visible="false">
            <action class="com.magicpwd.e.MpayAction" />
        </item>
        <!--记事便签-->
        <item type="normal" text="$P30F9605">
            <action class="com.magicpwd.e.MpadAction" />
        </item>
        <seperator />
        <!--检测更新-->
        <item type="normal" text="$P30F9606">
            <action class="com.magicpwd.e.UpdtAction" />
        </item>
        <!--联系作者-->
        <item type="normal" text="$P30F9607">
            <action class="com.magicpwd.e.MailAction" />
        </item>
        <!--网站-->
        <item type="normal" text="$P30F9608">
            <action class="com.magicpwd.e.SiteAction" />
        </item>
        <!--博客-->
        <item type="normal" text="$P30F762C">
            <action class="com.magicpwd.e.BlogAction" />
        </item>
        <!--微博-->
        <item type="normal" text="$P30F960B">
            <action class="com.magicpwd.e.MlogAction" />
        </item>
        <seperator />
        <menu id="plug" text="$P30F763A">
            <!--测试-->
            <item type="normal" text="测试(@T)" command="这是一个扩展测试！">
                <action class="example.TestAction" />
            </item>
        </menu>
        <seperator />
        <!--退出-->
        <item type="normal" text="$P30F960C">
            <action class="com.magicpwd.e.ExitAction" />
        </item>
    </popmenu>
</magicpwd>